"category","subcategory","ID","Description","GeneRatio","BgRatio","pvalue","p.adjust","qvalue","geneID","Count"
"Human Diseases","Infectious disease: bacterial","hsa05135","Yersinia infection","72/2413","137/8773",3.82307264330402e-10,1.29984469872337e-07,9.21561721385916e-08,"920/3678/6416/4772/23396/3551/5879/207/5599/6347/5293/3661/7409/1398/6195/29108/10552/208/5605/5594/10094/387/10095/3586/9138/7456/60/23118/5601/2353/5585/10093/3553/7454/10458/7186/71/2932/3676/1399/926/4210/382/8394/5586/51135/57180/5595/9844/5604/27330/8517/8935/5606/10097/10092/5609/10096/10109/6885/6196/4775/4792/10000/10163/7535/8503/644150/925/5602/6714/3984",72
"Cellular Processes","Transport and catabolism","hsa04144","Endocytosis","112/2413","250/8773",2.16742058820318e-09,3.6846149999454e-07,2.61231218262383e-07,"408/55048/7048/57403/57132/51324/23396/2869/9230/9266/23550/7251/58513/51160/11021/51652/118813/3134/79720/84440/4087/50855/55738/381/64411/10552/10617/3305/156/10094/1211/9267/387/64750/3105/10095/116988/5869/28964/3106/5338/58533/3107/7852/116985/832/1173/1212/10193/7456/116983/5878/91782/10093/27243/160/93343/84364/29924/8766/83737/22905/10254/27183/51028/382/8394/3561/112936/80223/163/3310/377/57180/3560/867/84313/51699/79643/10890/3579/2870/10938/116986/3265/10097/10092/11267/9727/51534/9146/10096/10109/3133/11059/5584/6643/51019/137492/30011/55680/10015/23527/23111/644150/9525/27128/3577/6642/26286/6714/3800",112
"Human Diseases","Infectious disease: bacterial","hsa05131","Shigellosis","105/2413","247/8773",1.91658933005342e-07,2.17213457406055e-05,1.53999633888503e-05,"8717/3678/5330/30849/5289/3551/9252/5879/64121/26100/207/5599/9266/23048/7322/25851/5293/103910/3661/1398/7132/581/29108/10552/208/10801/7157/5594/10094/9267/387/10095/7311/6199/23291/2931/5333/29895/60/23118/7316/5601/5217/10093/929/3553/7186/71/2932/2308/84557/718/8678/55964/1399/5216/8878/10670/3020/23157/382/80201/6233/3021/8358/81/8355/9474/84335/4735/57180/5595/9844/472/9181/10892/989/8517/55752/4636/10097/10092/81858/3059/10096/10109/6885/1729/2475/10616/7323/10241/4792/10000/10163/9140/3710/8503/27128/8737/7336/3708/55062/5602/6714",105
"Environmental Information Processing","Signal transduction","hsa04668","TNF signaling pathway","56/2413","114/8773",6.57168111827362e-07,5.58592895053258e-05,3.96030256864384e-05,"8717/6416/7133/3551/9252/8809/2919/207/5599/9020/6347/5293/1385/7132/6372/208/6364/5594/7187/4318/1388/10488/1906/90993/7128/23118/5743/5601/2353/4049/3553/7186/7185/83737/841/5595/5604/8986/8517/3627/5606/5609/6885/1386/3726/836/4792/10000/7424/4217/8503/331/8737/1540/5602/192111",56
"Human Diseases","Cancer: specific types","hsa05210","Colorectal cancer","45/2413","86/8773",8.83453341464074e-07,6.0074827219557e-05,4.25917505674259e-05,"7048/5366/5879/332/207/5599/5293/4087/842/581/208/2956/5605/7157/5594/387/6199/4089/5601/2353/10018/27113/2932/8312/4292/3845/324/2885/4436/5898/5595/5604/2069/3265/5900/6654/2475/836/7040/6932/10000/1647/8503/369/5602",45
"Human Diseases","Infectious disease: viral","hsa05166","Human T-cell leukemia virus 1 infection","93/2413","222/8773",2.06059320374823e-06,0.0001167669482124,8.27852357295341e-05,"8900/7048/920/6416/4801/4772/3551/25847/207/5599/9020/7850/5293/3716/1385/3134/51434/4087/7132/581/208/5605/7157/5594/890/9133/3105/701/3106/1388/10488/3107/90993/8498/4089/23373/246184/5601/2353/29882/4049/3689/119504/1870/3845/3561/9519/3683/6776/29945/9184/10744/5534/8850/6908/567/3560/5595/472/8379/5604/8517/3265/9232/4215/5567/4055/916/4085/3133/51529/1386/2874/5423/5925/7040/4775/6777/2002/111/2114/4792/8881/10000/5566/8503/8061/331/7419/9700/996/5602/991",93
"Human Diseases","Infectious disease: bacterial","hsa05132","Salmonella infection","101/2413","247/8773",2.82923059640562e-06,0.000137419771825416,9.74276400867499e-05,"8795/388/27072/8717/6416/5289/3551/5879/51143/207/5599/9266/8677/5058/64601/5293/103910/7132/581/29108/10552/208/6281/5605/65082/5594/10094/9267/387/55860/10095/5869/114609/2316/79443/29895/60/23118/64746/5601/2353/5585/5878/7846/5217/10093/25828/10121/929/3553/7186/71/10120/26999/5216/89953/382/55845/51135/11258/841/60412/57180/5898/5595/9844/140735/3836/5604/23339/8517/3265/55770/4636/5606/10097/10092/6188/5609/10096/10109/8655/6885/79792/51209/79659/836/6932/4792/10000/83547/26263/27128/8737/3840/1639/9648/5788/64837/5602/3800",101
"Human Diseases","Neurodegenerative disease","hsa05016","Huntington disease","120/2413","306/8773",4.13937035769037e-06,0.000175923240201841,0.000124725764725144,"5330/6874/10126/30849/5289/4712/26100/10975/5599/5434/2878/4695/6507/5432/9776/1385/842/5710/581/5435/6392/7157/1211/4899/55860/4707/5684/27089/4717/10488/5689/3065/4711/90993/1337/5433/7381/1173/1212/7385/6390/1340/5719/5601/5693/7846/27113/10121/5431/5468/160/514/539/7186/10476/10120/8678/513/5686/89953/4716/3066/1329/5682/9519/126328/5688/11258/29796/163/841/5437/5692/506/4720/5436/6804/127602/2081/4719/9706/6908/5691/125965/4705/11047/55626/4710/1351/4694/5609/25981/5706/4702/509/1349/4723/83544/2475/836/1347/517/5440/5438/8408/1327/4217/7419/5705/5704/1639/3708/515/4709/55062/522/64837/5602/10105/3800",120
"Environmental Information Processing","Signal transduction","hsa04012","ErbB signaling pathway","43/2413","85/8773",4.9008622125901e-06,0.000185143683586737,0.000131262859261185,"6416/1027/207/5599/5058/2064/5293/1398/4690/208/5605/5594/6199/2549/5601/2932/5062/1399/818/3845/5579/6776/2885/5595/867/5604/2069/3265/5609/6654/8440/2475/25/2065/6777/2002/10000/6464/145957/8503/369/5602/6714",43
"Human Diseases","Cancer: specific types","hsa05220","Chronic myeloid leukemia","39/2413","76/8773",8.64747013770546e-06,0.000255218729400032,0.000180944548088568,"7048/3551/1027/207/1488/5293/1398/581/208/5605/7157/5594/3065/4089/1399/3066/1870/3845/6776/2885/1487/5595/867/5604/8517/3265/6654/5925/7040/25/6777/613/4792/10000/1647/6464/8503/369/5781",39
"Cellular Processes","Transport and catabolism","hsa04140","Autophagy - animal","72/2413","167/8773",8.77049597519473e-06,0.000255218729400032,0.000180944548088568,"27072/30849/5289/64121/26100/207/5599/4077/5516/3476/64601/1612/7249/5293/89849/9776/11152/116442/1613/208/5605/65082/23192/5594/7311/6199/81671/11345/53349/5170/8417/7316/5601/9342/84557/8678/84938/8878/10670/3845/6233/64689/9474/84335/6794/2081/9706/10533/5595/7248/55626/5604/23339/64419/3265/5567/6885/3920/23604/2475/10241/55014/8408/10000/5566/9140/8503/3708/55062/203228/5602/57448",72
"Human Diseases","Cancer: overview","hsa05208","Chemical carcinogenesis - reactive oxygen species","91/2413","223/8773",9.61402603210433e-06,0.000255218729400032,0.000180944548088568,"6416/3162/3551/4712/5879/207/10975/5599/9020/4695/5293/208/6392/5605/5594/4707/27089/4717/5338/4711/1337/7381/9817/7385/5170/6390/1340/5601/2353/3082/79852/1728/514/539/10476/4258/513/4716/1329/3845/10861/126328/2948/29796/2885/506/4720/4719/125965/5595/4705/25865/5604/847/4710/8517/1571/4025/3265/1351/4694/5609/27035/4702/509/1349/65010/6654/4723/4688/25/253152/1347/517/4792/10000/1327/4217/8503/1535/7419/369/653361/515/4709/522/5602/10105/5781/6714/2941",91
"Organismal Systems","Environmental adaptation","hsa04714","Thermogenesis","94/2413","232/8773",9.7583631829424e-06,0.000255218729400032,0.000180944548088568,"4712/10975/4695/7249/1385/6195/1355/493753/29078/6392/788/51103/4707/6199/27089/4717/10488/4711/90993/1337/7381/3991/6604/7385/285521/6390/1340/60/23305/6603/5468/514/539/10476/71/55471/126129/9551/513/51287/4716/1329/3845/51548/6599/126328/29796/84335/2885/506/53632/4720/4719/84987/28958/25915/125965/65260/4705/7248/4710/51241/27330/51422/3265/1351/388753/5567/90639/5606/4694/10632/4702/509/1349/6654/1386/4723/8289/6196/2475/1347/517/111/5566/1327/4217/521/1353/515/4709/51703/522/57492",94
"Organismal Systems","Immune system","hsa04660","T cell receptor signaling pathway","55/2413","121/8773",1.60786972958813e-05,0.00039048264861426,0.00027684373539525,"7006/920/4772/3551/207/5599/9020/5058/5516/5526/5293/7409/4690/208/5605/5594/387/3586/55844/2534/55012/5170/5523/5133/5518/5601/2353/2932/5062/926/3845/2885/5527/5534/5595/5604/10892/8517/5777/3265/916/5609/6885/6654/8440/4775/4792/10000/7535/8503/5520/925/5788/5602/5781",55
"Environmental Information Processing","Signal transduction","hsa04150","mTOR signaling pathway","67/2413","156/8773",2.07108052738319e-05,0.000440563822150279,0.000312350202081777,"55615/6446/389541/3551/64121/207/6396/2887/7249/5293/79899/534/6195/7132/1855/10641/208/5605/5594/51382/387/6199/523/84219/5170/9663/529/729438/55004/2932/10670/3845/526/1856/84335/51606/6794/5579/2885/9675/9470/9706/5595/7248/5604/51256/27330/3265/153129/54361/81617/7855/10542/6654/201163/79726/7471/92335/6196/2475/4041/8408/10000/8649/8503/7480/7476",67
"Organismal Systems","Immune system","hsa04666","Fc gamma R-mediated phagocytosis","46/2413","97/8773",2.07324151600131e-05,0.000440563822150279,0.000312350202081777,"65108/23396/5879/207/5058/2213/5293/7409/1398/8398/10552/208/2214/5594/10094/10095/6199/5338/3055/10093/7454/3635/1399/4651/6850/382/8394/5579/56848/57180/1072/5595/5604/8681/10097/10092/10096/10109/7408/4067/10000/10163/8503/653361/5788/3984",46
"Human Diseases","Neurodegenerative disease","hsa05014","Amyotrophic lateral sclerosis","135/2413","364/8773",3.00119145592647e-05,0.000600238291185294,0.000425555940190193,"7133/10126/30849/5289/4712/5879/637/23064/26100/9217/10975/2878/4695/6396/8021/9776/7132/842/5710/9973/581/116442/6392/10762/7157/311/1616/2733/55860/4707/5684/27089/4717/5689/4711/1337/7381/7385/6390/1340/60/5719/6311/10280/5693/7846/5217/10121/55746/514/539/7186/10476/6432/71/10120/2521/84557/8678/513/5686/5216/89953/4716/8878/1329/5682/4747/126328/57122/5688/11258/29796/7175/5692/506/4720/5071/127602/2081/5534/4719/9706/5691/125965/3309/4705/10189/11047/55706/55626/847/4710/10482/1351/5606/4694/25981/5706/4702/509/1349/65018/2903/4723/10013/83544/2475/836/1347/517/6428/56893/56000/8408/23279/3710/1327/4217/145957/220988/5705/5704/1639/3181/515/4709/9688/55062/522/203228/64837/3800/1649/129401",135
"Human Diseases","Endocrine and metabolic disease","hsa04932","Non-alcoholic fatty liver disease","66/2413","155/8773",3.31043581825863e-05,0.000625304543448852,0.000443327369813582,"3551/4712/5879/637/207/10975/5599/6256/4695/5293/3570/7132/581/208/6392/4707/27089/4717/4711/1337/7381/7385/2931/6390/1340/5601/2353/10018/5468/3553/79602/7186/2932/83737/4716/4296/1329/126328/29796/841/53632/4720/2081/4719/125965/4705/4710/51422/1571/1351/4694/4702/1349/4723/836/7040/1347/356/10000/1327/6945/4217/8503/4709/5602/1649",66
"Human Diseases","Neurodegenerative disease","hsa05012","Parkinson disease","102/2413","266/8773",6.283952733943e-05,0.00112449680502138,0.000797243864860359,"4128/4712/10975/5599/4695/7317/842/805/5710/118424/2774/581/6392/7157/1616/4707/7311/5684/55334/27089/4717/5689/4711/1337/7381/55669/9817/7385/6390/1340/5719/7316/5601/5693/7846/25828/4137/91252/514/539/10476/27429/513/5686/89953/818/4716/1329/5682/6233/2771/126328/5688/29796/5692/506/4720/5071/2081/808/4719/5691/125965/3309/4705/11047/7318/4710/6622/1351/5567/7922/4694/5706/4702/11315/509/1349/65018/4723/57181/2770/836/1347/517/111/5566/3710/1327/4217/7419/5705/5704/3708/515/4709/522/64837/5602/10105/3800/1649",102
"Cellular Processes","Cell growth and death","hsa04210","Apoptosis","58/2413","135/8773",7.19490227740998e-05,0.0012231333871597,0.000867175063961519,"8795/5366/8717/3551/1677/332/1520/637/207/5599/9020/9131/5293/7132/842/581/208/5605/7157/1616/5594/5170/60/5601/2353/10018/7846/27113/7186/71/7185/27429/3845/10038/841/5783/2081/5595/472/5604/5551/8517/3265/1676/836/356/4792/10000/1647/3710/4217/8503/331/8737/3708/5602/1075/1649",58
"Environmental Information Processing","Signal transduction","hsa04071","Sphingolipid signaling pathway","53/2413","121/8773",7.85368164128805e-05,0.00127154845620854,0.000901500298674167,"8717/5330/5879/637/8698/207/5599/81537/29956/5516/5526/5293/7132/8879/581/208/5605/7157/5594/387/79603/5338/55844/6609/2534/55012/5170/5523/259230/5518/5601/7186/123099/3845/2771/125981/8560/5579/5527/56848/5595/204219/5604/91012/3265/4846/2770/8439/10000/4217/8503/5520/5602",53
"Human Diseases","Cancer: specific types","hsa05211","Renal cell carcinoma","34/2413","69/8773",9.35412226224088e-05,0.00139607582851689,0.000989787506905166,"2889/5879/207/5058/5293/1398/208/5605/5546/5594/2549/5906/3082/5062/1399/112398/3845/2885/7030/5595/5604/3265/8453/9915/6654/201163/112399/7040/6923/10000/8503/369/5781/5155",34
"Genetic Information Processing","Folding, sorting and degradation","hsa04120","Ubiquitin mediated proteolysis","60/2413","142/8773",9.67635791886454e-05,0.00139607582851689,0.000989787506905166,"10477/25847/7322/7317/51434/118424/64326/64750/7311/23291/26232/10277/22888/9817/8450/9690/7316/246184/29882/378884/119504/55284/27339/83737/26091/6233/55070/29945/5071/11060/3093/63893/867/7318/9039/1161/997/55585/7320/10075/8453/89910/51529/55958/11059/23759/326/6923/54926/7323/8881/134111/7329/23295/8452/9820/331/996/991/57448",60
"Organismal Systems","Nervous system","hsa04722","Neurotrophin signaling pathway","52/2413","119/8773",9.85465290717807e-05,0.00139607582851689,0.000989787506905166,"10019/2889/3551/9252/5879/207/5599/5293/1398/6195/805/581/208/5605/7157/5594/387/2549/397/5906/5170/5601/6272/2932/1399/818/3845/10782/51135/2885/25970/808/5595/5604/27330/3265/4215/5609/11213/6654/5663/6196/25/10603/356/4792/10000/6464/4217/8503/5602/5781",52
"Human Diseases","Drug resistance: antineoplastic","hsa01524","Platinum drug resistance","35/2413","73/8773",0.000149386597945928,0.00199949000552744,0.00141759508131821,"5366/2067/332/637/207/2064/5293/842/581/208/2956/7157/7153/5594/7155/5170/27113/4258/538/4292/1317/2948/841/4436/5595/5429/472/836/356/10000/5980/4217/8503/331/2941",35
"Human Diseases","Cancer: overview","hsa05203","Viral carcinogenesis","80/2413","204/8773",0.000162215204612121,0.00199949000552744,0.00141759508131821,"8900/5366/8717/5879/1027/2960/2965/5293/3716/3661/1385/3134/581/7529/7157/5934/5594/890/7187/387/3105/3106/1388/10488/3107/3065/90993/79885/2957/10014/51564/7186/7185/718/3066/6850/3845/1232/3190/9114/81/9519/121504/6776/841/2885/8850/6908/5595/8379/983/2959/8517/3265/5567/2958/4055/1654/54145/3133/1386/8841/10013/7534/5423/2967/5925/836/4067/6777/128312/4792/5566/8503/7419/8294/23513/7532/6714/991",80
"Human Diseases","Cancer: specific types","hsa05212","Pancreatic cancer","36/2413","76/8773",0.000164445322518541,0.00199949000552744,0.00141759508131821,"7048/3551/5879/207/5599/10928/2064/5293/3716/4087/842/581/208/7157/5594/6199/5338/4089/5601/9459/1870/3845/5898/5595/5604/8517/5900/5888/2475/5925/7040/10000/1647/8503/369/5602",36
"Human Diseases","Infectious disease: viral","hsa05161","Hepatitis B","66/2413","162/8773",0.000164663882808142,0.00199949000552744,0.00141759508131821,"8900/7048/6416/4772/3551/332/637/207/5599/6554/6778/5293/3716/3661/1385/842/7297/581/208/7529/5605/7157/5594/890/7187/4318/1388/10488/90993/114609/4089/23118/5601/2353/1870/3845/51135/5579/6776/841/2885/5595/5604/8517/3265/5606/5609/1654/6885/6654/1386/7534/5925/836/7040/4775/6777/356/2002/4792/10000/8503/7419/369/5602/6714",66
"Cellular Processes","Cell growth and death","hsa04110","Cell cycle","64/2413","157/8773",0.000201517948423428,0.00236262422289536,0.00167504937165027,"8900/25847/1027/5516/5526/9088/51434/4087/113130/7529/7157/5934/5591/890/9133/1874/701/3065/57082/5000/5347/4089/5885/5518/4999/246184/29882/23063/2932/119504/3066/1870/23383/23595/29945/9212/9184/5527/10744/1028/902/472/8379/983/10735/9232/4085/51529/7534/5925/7040/25/5001/4998/8556/8881/25836/1647/9700/996/26271/990/7532/991",64
"Metabolism","Energy metabolism","hsa00190","Oxidative phosphorylation","56/2413","134/8773",0.000230647766489411,0.00253632736737916,0.00179820113662486,"4712/10975/4695/534/1355/6392/51382/4707/523/27089/4717/10312/4711/1337/7381/7385/6390/1340/529/514/539/10476/9551/513/4716/1329/9114/526/126328/29796/51606/506/4720/4719/125965/4705/8992/4710/1351/64077/4694/10632/533/4702/509/1349/4723/23545/1347/517/1327/521/1353/515/4709/522",56
"Organismal Systems","Endocrine system","hsa04910","Insulin signaling pathway","57/2413","137/8773",0.000234239564508887,0.00253632736737916,0.00179820113662486,"9322/2889/3551/5140/207/5501/5599/23433/7249/5293/1398/805/5499/5573/208/5106/5605/5594/6199/3991/5261/5170/3632/5601/2932/2308/1399/3845/80201/89801/2885/53632/808/9470/5595/867/7248/90673/5604/51422/3265/5567/2872/6654/5834/5584/2475/10603/2002/10000/5566/6464/5256/8503/2203/369/5602",57
"Human Diseases","Infectious disease: viral","hsa05167","Kaposi sarcoma-associated herpesvirus infection","76/2413","194/8773",0.000243011027573557,0.00253632736737916,0.00179820113662486,"8717/6416/4772/5289/3551/5879/2919/637/207/5599/2782/5293/3716/3661/1385/3134/7132/842/805/7297/100507436/581/208/5605/7157/5594/7187/3105/7311/146850/3106/3107/3055/5743/7316/5601/2353/7186/2793/2932/84557/718/8678/1870/6850/3845/23533/6233/1232/841/2788/2783/5534/808/5595/5604/8517/3265/5609/54331/3133/2475/5925/836/4067/4775/3455/6932/4792/10000/3710/8503/3708/5602/6714/5155",76
"Human Diseases","Infectious disease: viral","hsa05165","Human papillomavirus infection","120/2413","331/8773",0.000246172950363272,0.00253632736737916,0.00179820113662486,"3955/8900/9368/8717/3678/4242/3551/4851/23462/1027/207/5516/3679/5526/7249/5293/3716/534/3661/1385/3134/7132/50855/1855/7297/9794/581/5734/208/5605/7157/5934/5594/890/7187/51382/7450/3105/6199/523/3106/10488/3107/3065/55502/10312/90993/55844/3918/10474/55012/3996/3680/23493/5523/5518/5743/529/2932/2308/8312/3676/3066/3845/6696/3675/9114/526/9519/1856/4853/51606/841/324/2885/5527/131873/6908/3993/5595/8992/10134/7248/472/3674/5604/8517/3265/54361/84441/5986/5567/27175/533/7855/1297/3133/8515/6654/5663/7471/5584/2475/23545/5925/836/3455/356/7058/6932/7448/10000/5566/8503/7480/7476/5520/23513/3655/92359",120
"Human Diseases","Neurodegenerative disease","hsa05010","Alzheimer disease","136/2413","384/8773",0.000318254383488564,0.00318254383488564,0.0022563546073957,"351/5330/30849/5289/3551/4712/637/26100/207/10975/5599/10023/4695/5293/9776/7132/842/805/5710/1855/208/6392/51107/5605/5594/4707/23401/489/5684/55334/27089/4717/5689/4711/1337/7381/7385/6390/1340/5719/5743/5601/5693/7846/4137/91252/3553/514/539/7186/10476/2932/55851/8312/8678/513/5686/89953/4716/1329/3845/5682/126328/5688/1856/29796/177/841/324/27123/5692/506/4720/102/2081/5534/808/1457/4719/9706/5691/125965/5595/4705/11047/55626/5604/4710/8517/6622/3265/1351/54361/7922/4694/7855/5609/27035/5706/4702/509/1349/2903/5663/4723/57181/7471/2475/836/1347/4041/517/8408/10313/10000/57142/3710/1327/4217/8503/7419/5705/5704/369/7480/7476/3708/515/4709/55062/522/64837/5602/10105/3800/1649",136
"Human Diseases","Neurodegenerative disease","hsa05022","Pathways of neurodegeneration - multiple diseases","164/2413","476/8773",0.000373216823006896,0.00362553485206699,0.00257042563815276,"351/5330/7133/10126/30849/5289/4712/5879/637/26100/9217/10975/5599/10023/2878/4695/7317/9776/7132/842/805/5710/118424/1855/9973/581/116442/6392/5605/1616/5594/55860/4707/23401/7311/489/5684/27089/4717/5689/4711/1337/7381/53349/55669/7385/6390/1340/5719/6311/5743/7316/10280/5601/5693/7846/10121/4137/3553/514/539/7186/10476/2932/10120/2521/84557/8312/8678/27429/513/5686/89953/818/4716/8878/6261/1329/3845/5682/4747/6233/126328/5688/11258/1856/29796/5579/177/841/324/27123/5692/506/4720/6804/5071/127602/2081/5534/808/1457/4719/9706/5691/125965/5595/3309/4705/11047/7318/55626/5604/847/4710/6622/3265/1351/54361/5606/4694/7855/5609/25981/27035/5706/4702/11315/509/1349/65018/2903/5663/4723/83544/7471/2475/836/1347/356/4041/517/8408/3710/1327/4217/7419/5705/5704/369/7480/7476/1639/3708/515/4709/55062/522/203228/64837/5602/10105/3800/1649",164
"Human Diseases","Infectious disease: viral","hsa05163","Human cytomegalovirus infection","85/2413","225/8773",0.000440606954166085,0.00416128790045747,0.00295026293871443,"9560/8717/5330/4772/3551/5879/637/207/6351/6347/7249/2782/5293/3716/3661/3570/1385/3134/1398/7132/842/805/581/5734/208/5605/7157/5594/387/3105/6199/3106/9138/1388/10488/3107/90993/7852/5743/3553/7186/2793/2932/1399/1870/3845/1232/2771/6348/5579/841/2788/414062/2885/2783/5534/808/567/5595/7248/5604/3579/8517/3265/5567/54331/3133/6654/1386/2770/2475/5925/836/4775/356/2002/111/4792/10000/5566/3710/8503/8737/3708/6714",85
"Human Diseases","Infectious disease: bacterial","hsa05100","Bacterial invasion of epithelial cells","35/2413","77/8773",0.00053781026854148,0.00470707024544379,0.00333721079320937,"3678/79767/5879/5293/1398/10552/10801/10094/1211/387/10095/2549/1212/60/10093/71/55964/1399/23157/1496/4735/57180/9844/867/1495/55752/10097/10092/3059/10096/10109/10163/6464/8503/6714",35
"Organismal Systems","Development and regeneration","hsa04380","Osteoclast differentiation","57/2413","141/8773",0.00056308987202461,0.00470707024544379,0.00333721079320937,"7006/7048/11024/4772/3551/5879/1436/207/5599/9020/11027/2213/5293/3716/1385/7132/7305/7297/208/2214/5594/489/10288/54/2534/23118/55423/5601/2353/5468/3553/7186/8878/6850/2885/5534/140885/5595/5604/8517/5609/27035/6885/3726/4688/7040/3455/4792/10000/3710/8503/8061/1535/653361/3708/1540/5602",57
"Cellular Processes","Transport and catabolism","hsa04148","Efferocytosis","62/2413","156/8773",0.000563501276939315,0.00470707024544379,0.00333721079320937,"383/5175/27072/6446/4772/55113/2057/23411/5879/6256/64601/1849/80824/1385/1398/8398/89790/1788/5734/5605/65082/5594/3586/5869/489/29933/5743/55423/5878/5468/286410/126129/1399/818/5029/55754/682/100133941/177/56848/1524/10461/102/140885/19/5595/9844/5604/23339/5467/5777/84465/3988/51552/286046/836/7040/4775/5031/8578/338440/5781",62
"Cellular Processes","Cell growth and death","hsa04215","Apoptosis - multiple species","18/2413","32/8773",0.000565904037174821,0.00470707024544379,0.00333721079320937,"5366/332/637/5599/7132/842/581/5601/10018/27113/8678/27429/841/666/836/331/5602/57448",18
"Environmental Information Processing","Signal transduction","hsa04010","MAPK signaling pathway","108/2413","299/8773",0.000576409975902882,0.00470707024544379,0.00333721079320937,"408/7048/8717/6416/4208/4772/3551/10235/9252/5879/1436/207/5599/9020/5058/5871/1849/80824/2064/1398/6195/7132/5623/208/5605/7157/3305/1616/5594/7423/1945/284/5906/7786/2316/23118/5601/2353/3082/9175/1848/929/4137/7867/3553/7186/5921/5062/1399/4149/4296/3845/51347/51135/2324/5579/3310/2885/9344/5534/785/5595/5604/8550/8986/2069/8681/6789/27330/8517/93589/3265/4215/5567/5606/2254/51295/5609/2872/2322/6885/6654/1386/8912/6196/836/7040/4775/2065/5924/356/2002/10000/8649/7424/1647/5566/4217/51701/5228/786/57551/369/27006/5602/5155/1649/3815",108
"Human Diseases","Cancer: specific types","hsa05213","Endometrial cancer","28/2413","58/8773",0.000581461618554821,0.00470707024544379,0.00333721079320937,"207/2064/5293/842/581/208/5605/7157/5594/5170/2932/8312/4292/3845/1496/324/2885/5595/5604/1495/3265/6654/6932/2002/10000/1647/8503/369",28
"Human Diseases","Cancer: specific types","hsa05221","Acute myeloid leukemia","31/2413","67/8773",0.000757933181290751,0.00599296003811292,0.00424887878863114,"4353/8900/3551/1436/207/5293/7704/208/5605/5594/890/6199/1848/929/3845/6776/2885/5595/5604/5467/8517/3265/2322/6654/2475/6777/6932/10000/8503/369/3815",31
"Human Diseases","Infectious disease: bacterial","hsa05120","Epithelial cell signaling in Helicobacter pylori infection","32/2413","70/8773",0.000812101286149824,0.00627532812024864,0.00444907163943325,"6416/50848/3551/5879/2919/5599/9020/5058/1445/534/51382/28964/523/10312/5601/529/9114/526/51606/102/8992/3579/8517/533/23545/836/4067/4792/3577/5602/5781/6714",32
"Cellular Processes","Cell motility","hsa04810","Regulation of actin cytoskeleton","85/2413","229/8773",0.000836241845998549,0.00631827172532237,0.00447951772476416,"128239/3678/23396/5879/207/5501/5058/89846/3679/5293/103910/7409/1398/5499/10552/208/3682/5605/5594/10094/387/10095/28964/9138/7852/7114/54776/3680/29895/60/5217/10093/9459/10458/71/7074/3689/5062/9170/26999/3676/1399/5216/4660/4629/3845/8396/55845/8394/3675/81/3683/54961/4478/324/10788/2909/57180/1072/5595/3674/5604/3265/3687/4636/10097/2254/10092/10096/10109/8515/1729/6654/221178/10000/10163/1902/81624/8503/369/27006/3655/6714/5155/3984",85
"Human Diseases","Cardiovascular disease","hsa05417","Lipid and atherosclerosis","80/2413","215/8773",0.00107877908833046,0.0079565449657186,0.00564101794783145,"8795/5330/6416/4772/3551/5879/2919/637/6257/207/5599/6256/6347/5293/5452/3661/7409/7132/842/805/581/29108/208/7157/3305/5594/7187/387/4318/9138/142678/4973/5906/114609/5170/23118/5601/2353/929/5468/3553/7186/2932/818/3845/57534/6348/51135/3310/177/841/414062/2081/5534/808/19/5595/3309/8517/3265/4846/5606/5609/27035/6885/4688/836/4067/4775/356/4792/10000/4217/8503/1535/653361/3708/5602/6714/1649",80
"Human Diseases","Infectious disease: viral","hsa05170","Human immunodeficiency virus 1 infection","79/2413","212/8773",0.00109987533349639,0.0079565449657186,0.00564101794783145,"920/8717/7133/4772/3551/5879/637/207/5599/5058/2782/5293/3661/3134/1398/7132/842/805/581/208/5605/5594/9133/3105/6199/10053/23291/3106/3107/7852/8450/23118/5601/2353/7186/2793/5062/1399/3845/60489/2771/51135/5579/841/2788/2783/5534/808/567/1072/5595/472/983/5604/8517/8907/3265/5606/916/5609/54331/3133/6885/8905/2770/2475/836/4775/6923/356/9582/4792/10000/3710/8503/8737/3708/5602/3984",79
"Environmental Information Processing","Signal transduction","hsa04152","AMPK signaling pathway","49/2413","121/8773",0.00127266167137894,0.00901468683893418,0.00639121760407408,"8900/23411/9230/207/5208/5516/5526/7249/5293/1385/3156/208/5106/890/6199/23216/10488/90993/55844/3991/55012/5170/5523/5518/5468/79602/5211/2308/126129/5862/84335/6794/5527/53632/7248/10890/51422/81617/5209/6885/51552/92335/2475/8408/10000/8503/2203/5520/6319",49
"Human Diseases","Cancer: specific types","hsa05223","Non-small cell lung cancer","32/2413","72/8773",0.00145721374168609,0.0101112790239443,0.00716867769809055,"6257/207/6256/11186/2064/5293/842/581/208/5605/7157/5594/5170/3082/1870/3845/5579/6776/2885/5595/5604/83593/6789/3265/6654/5925/6777/10000/1647/8503/369/3800",32
"Genetic Information Processing","Chromosome","hsa03082","ATP-dependent chromatin remodeling","47/2413","117/8773",0.00192612923664331,0.0130976788091745,0.00928597042508038,"10445/10902/26039/125476/93973/283899/5977/3015/3065/6604/54108/60/6944/10263/6603/7528/124944/71/64431/51377/3066/8329/9274/54815/6599/29844/1107/80314/57459/8337/723790/64769/5928/8932/54556/55766/55506/55257/8607/8289/23506/10847/29998/9112/79913/8467/57492",47
"Genetic Information Processing","Replication and repair","hsa03450","Non-homologous end-joining","9/2413","13/8773",0.0020634077169531,0.013756051446354,0.00975274235670301,"27434/5591/7520/4361/64421/27343/7518/2547/79840",9
"Human Diseases","Infectious disease: bacterial","hsa05130","Pathogenic Escherichia coli infection","73/2413","198/8773",0.00230774874957667,0.0150302460649851,0.0106561187271876,"8795/9368/8717/3551/5879/5599/9266/5058/7009/7132/842/581/4690/29108/10552/5594/10094/9267/387/10095/4542/9138/2534/114609/7456/60/23118/5601/2353/7846/10093/3553/4644/10972/10458/7186/71/5062/9170/26999/4629/4651/382/55845/51135/841/57180/5595/9181/8517/5777/10097/10092/6188/3059/10096/10109/6885/24146/8440/836/25/4430/356/4792/10163/1902/644150/27128/8737/5602/5781/6714",73
"Cellular Processes","Transport and catabolism","hsa04137","Mitophagy - animal","42/2413","103/8773",0.00234295012189473,0.0150302460649851,0.0106561187271876,"84315/79735/7942/5599/51024/4077/89941/23786/7157/64750/7311/5869/54543/11345/55669/23770/7316/5601/11331/5878/79671/7186/84557/8678/139341/8878/3845/6233/5071/1457/7030/55626/3265/10075/65018/665/10241/8408/221960/5602/6714/192111",42
"Organismal Systems","Aging","hsa04211","Longevity regulating pathway","37/2413","89/8773",0.00279551465479147,0.0176013885672055,0.0124790030399073,"23411/207/7249/5293/9776/1385/581/208/7157/6199/1388/10488/90993/79813/10919/5468/79602/2308/143686/3845/9474/84335/6794/53632/9470/7248/847/51422/3265/5567/1386/2475/111/8408/10000/5566/8503",37
"Cellular Processes","Cell growth and death","hsa04218","Cellular senescence","59/2413","156/8773",0.00301311526021723,0.0186265306995247,0.0132058065950191,"8900/7048/4772/23411/207/5501/7249/5293/3134/4087/805/5499/208/5605/7157/5934/5594/890/9133/3105/1874/23291/3106/3107/2305/144715/2308/5883/8878/4361/1870/3845/10114/5534/808/4605/5595/7248/472/983/5604/83593/3265/5928/5606/55957/3133/2475/5925/7040/4775/10000/1647/3710/8503/677/7419/3708/5810",59
"Genetic Information Processing","Transcription","hsa03022","Basal transcription factors","21/2413","44/8773",0.00327452993374684,0.0198810745977487,0.014095251030602,"6874/138474/2960/2965/8148/2963/2957/6872/10629/9519/902/6883/6908/6879/2959/2958/6882/2071/2967/2962/51616",21
"Cellular Processes","Cellular community - eukaryotes","hsa04530","Tight junction","63/2413","170/8773",0.00386811242137039,0.0227493114694555,0.0161287688127099,"9368/50848/23370/5879/5599/5516/2064/103910/93643/50855/10552/10094/387/10095/153562/27134/55844/51735/5906/3996/60/5518/4637/5601/7846/10093/7454/71/7074/4629/81/57530/6794/4478/53632/91862/57180/3993/9181/5872/51422/5567/10097/10092/3059/5609/10096/10109/8777/7408/11346/24146/5584/8189/5566/4217/5520/154796/23513/5602/6714/92359/909",63
"Human Diseases","Neurodegenerative disease","hsa05020","Prion disease","95/2413","272/8773",0.00388076489773064,0.0227493114694555,0.0161287688127099,"4851/4712/5879/10975/5599/4695/5293/1385/842/5710/581/6392/3305/5594/4707/5684/27089/4717/1388/10488/5689/4711/90993/1337/7381/2534/7385/6390/1340/5719/5601/5693/7846/3553/514/539/10476/2932/513/5686/89953/4716/6261/1329/5682/126328/5688/29796/3310/5692/506/4720/5534/1457/4719/5691/125965/5595/3309/4705/11047/4710/1351/5567/4694/5706/4702/509/1349/1386/2903/4723/4688/836/4685/1347/517/5566/3710/1327/8503/1535/7419/5705/5704/653361/3708/515/4709/522/64837/5602/10105/3800/1649",95
"Genetic Information Processing","Transcription","hsa03020","RNA polymerase","17/2413","34/8773",0.00433404651444938,0.0246835350953504,0.0175000914453104,"84172/30834/5434/5432/51082/5435/5433/5431/84265/5437/5436/11128/51728/55703/5440/5438/10622",17
"Organismal Systems","Endocrine system","hsa04914","Progesterone-mediated oocyte maturation","43/2413","109/8773",0.00435591795800302,0.0246835350953504,0.0175000914453104,"8900/5140/25847/207/5599/5293/9088/51434/6195/6793/208/5594/890/9133/5347/246184/5601/29882/119504/3845/2771/29945/5595/100101268/8379/983/5604/64506/27330/100505767/5567/4085/51529/2770/6196/111/8881/10000/5566/8503/369/996/5602",43
"Human Diseases","Cancer: overview","hsa05231","Choline metabolism in cancer","39/2413","98/8773",0.00540693286061004,0.0301370028296297,0.0213664818823071,"57153/23396/5879/207/5599/6584/7249/5293/208/5605/56261/5594/6199/5338/5170/8525/5601/2353/7454/5130/1609/3845/8394/5579/2885/1606/5595/7248/5604/8681/3265/5900/6654/2475/10000/10163/8503/5602/5155",39
"Cellular Processes","Transport and catabolism","hsa04136","Autophagy - other","16/2413","32/8773",0.00559255700937225,0.0306688610191381,0.0217435578123301,"30849/5289/26100/5516/3476/9776/23192/11345/8678/84938/9474/9706/10533/2475/9140/55062",16
"Organismal Systems","Immune system","hsa04062","Chemokine signaling pathway","69/2413","192/8773",0.00605685280005591,0.0326877770161748,0.0231749255006316,"408/9560/5330/3551/10235/5879/2869/2919/207/6351/5058/6347/2782/5293/7409/1398/2833/6372/208/6364/156/5594/387/146850/10663/7852/3055/5906/2931/7454/2793/2932/7074/1399/3845/23533/1232/2771/6348/5579/2788/414062/2885/2783/1524/5595/9844/5604/3579/2870/8517/3265/3627/5567/54331/6654/2770/4067/6777/1794/111/4792/10000/5566/6464/8503/653361/3577/6714",69
"Human Diseases","Cardiovascular disease","hsa05418","Fluid shear stress and atherosclerosis","52/2413","139/8773",0.00660664067613516,0.035097778591968,0.0248835643887328,"5175/6416/4208/3162/3551/5879/10365/207/5599/7850/6347/5293/7132/805/208/7157/387/4318/1906/6613/6383/9817/60/5601/2353/25828/3553/1728/71/4258/8878/2948/808/3674/658/9181/652/8517/4846/5609/27035/6885/4688/10000/4217/8503/1535/653361/5602/6714/5155/2941",52
"Organismal Systems","Endocrine system","hsa04919","Thyroid hormone signaling pathway","46/2413","121/8773",0.00732985188291606,0.0377605779149862,0.0267714314010274,"5330/4851/6257/207/5208/6256/7249/5293/842/208/5605/7157/5594/489/3065/5170/5333/60/71/116931/5211/2932/2308/9282/3066/3845/4853/5579/9442/90390/8850/10025/5595/5604/652/3265/54361/5567/8841/2475/5469/10000/5566/8503/117247/6714",46
"Human Diseases","Cardiovascular disease","hsa05415","Diabetic cardiomyopathy","72/2413","203/8773",0.0073299945364385,0.0377605779149862,0.0267714314010274,"7048/5330/4712/5879/207/5501/10975/5599/4695/5293/4087/5499/208/6392/4707/51660/4318/489/27089/4717/4711/1337/7381/7385/6390/1340/5601/514/539/10476/2932/513/5166/818/4716/1329/126328/29796/5579/177/506/4720/4719/125965/4705/4710/1351/4846/4694/5165/4702/509/1349/4723/4688/2475/7040/1347/5162/517/10000/9945/1327/8503/1535/7419/653361/515/4709/522/5602/10105",72
"Human Diseases","Cancer: specific types","hsa05219","Bladder cancer","19/2413","41/8773",0.0075055230744649,0.038087729034598,0.0270033744548698,"9252/11186/1612/2064/1613/5605/7157/5594/4318/1870/3845/5595/5604/7380/3265/23604/5925/369/6714",19
"Genetic Information Processing","Translation","hsa03015","mRNA surveillance pathway","40/2413","103/8773",0.0079300894267505,0.0396504471337525,0.0281113077202146,"80335/1477/5501/9939/5516/5526/29101/81608/5499/79869/2733/5976/11051/55844/80336/55012/9775/53918/5523/5518/2521/55339/53981/5527/26986/64895/22985/10284/10189/10898/10482/8732/22794/84305/23381/56000/8189/65109/5520/55110",40
"Human Diseases","Cancer: specific types","hsa05215","Prostate cancer","38/2413","97/8773",0.00807638805245581,0.0397966947512315,0.0282149941115542,"2078/3551/1027/207/7850/2064/5293/1385/842/208/5605/7157/5594/6692/4318/10488/90993/5170/2932/2308/1870/3845/2885/5595/5604/8517/3265/6654/2475/5925/6932/4792/10000/7113/8503/4824/369/5155",38
"Environmental Information Processing","Signal transduction","hsa04068","FoxO signaling pathway","49/2413","131/8773",0.00823214585961158,0.0399847084609705,0.0283482917571587,"7048/6446/3551/23411/10365/1027/8698/207/5599/5293/208/5106/5605/5934/5594/9133/3586/11345/5170/5347/4089/5601/10018/9456/2308/3845/6794/2885/53632/5595/472/5604/847/6789/116986/51422/3265/6654/3276/7040/356/10000/1647/9140/8503/51701/9454/369/5602",49
"Organismal Systems","Immune system","hsa04625","C-type lectin receptor signaling pathway","40/2413","104/8773",0.00953633449046752,0.0456669538980135,0.0323768806273842,"4772/4046/3551/207/5599/9020/5058/5293/805/29108/208/5594/387/3586/5743/5601/3553/6850/3845/841/338339/5534/808/51266/5595/10892/8517/3265/4775/51561/4792/10000/93978/3710/8503/3708/1540/5602/5781/6714",40
"Cellular Processes","Cellular community - eukaryotes","hsa04510","Focal adhesion","71/2413","202/8773",0.00974733994710837,0.0460291053057895,0.0326336381270149,"3678/2889/23396/5879/207/5501/5599/5058/3679/64098/2064/5293/103910/7409/1398/5499/208/5594/7423/387/7450/55742/3918/5906/2534/5170/2316/54776/3680/29895/60/5601/3082/71/2932/5062/3676/1399/4660/6696/8394/3675/81/2324/5579/2885/2909/131873/5595/3674/5604/3265/4636/1297/7408/8515/1729/6654/7058/2002/7448/10000/7424/6464/8503/5228/331/3655/5602/6714/5155",71
